id,name,short_description,latitude,longitude,google_maps_url,featured,interest,contributor,updated_at,created_by,created_at,native_name,country,municipality
ar-lujan-basilica-of-our-lady-of-lujan,Basilica of Our Lady of Lujan,"In 1630, a statue of the Immaculate Conception was being transported inland when its couriers overnighted near the Lujan River. The following morning, the wagon became unexplainably heavy and immovable until the statue was unloaded. Interpreting this as a sign, the patron and drivers left the statue there, where a chapel was built for pilgrims. Over time and with many healings, Lujan has become one of the most frequented pilgrimage destinations in the world.",-34.5641985133718,-59.1214082314216,https://maps.app.goo.gl/js7cmFEX4iz8g7UN7,0,global,JMM,3/27/2026 20:35,659520ff-d073-4538-a006-b16ec3e674d3,3/17/2026 0:28,Basílica Nuestra Señora de Luján,AR,Lujan
be-brussels-st-catherines-church,St. Catherine's Church,"Historic church in the former Port of Brussels, before the docks were covered over.",50.8506899525108,4.34804927612854,https://maps.app.goo.gl/4dJJfUQwxM1Ue47y8,0,personal,JPY,3/27/2026 20:35,,3/17/2026 0:28,Église Sainte-Catherine,BE,Brussels
be-brussels-st-michael-and-st-gudula-cathedral,St. Michael and St. Gudula Cathedral,National church of Belgium. St. Gudula's relics were kept here until they were destroyed during the Reformation.,50.8478744506604,4.35897312161425,https://maps.app.goo.gl/fCNwADr26azNqpor7,0,regional,JPY,3/27/2026 20:35,,3/17/2026 0:28,Cathédrale Saints-Michel-et-Gudule,BE,Brussels
co-potosi-basilica-of-our-lady-of-las-lajas,Basilica of Our Lady of Las Lajas,"In 1754, an Indian mother and her deaf-mute daughter Rosa were caught in a strong storm and sought refuge in a canyon between the lajas.  Rosa exclaimed with her first words ""the mestiza is calling me,"" describing the figures of a woman and child.  When returning later, the mother saw an apparition of Our Lady and Child.

Some months later, Rosa died but returned to life when her mother prayed again at the cave. When the townspeople came to see, a miraculous image was burned into the rocks.

In the image, the Madonna presents a rosary to St. Dominic, keeling at her right.  Jesus gives a cord to St. Francis, kneeling to his left.

Testing has shown the image to be of indeterminate origin. Geologists from Germany bored core samples from several spots in the image.  There is no paint, no dye, nor any other pigment on the surface of the rock.  The colors are the colors of the rock itself and run uniformly to a depth of several feet.",0.805324865882345,-77.5859226762825,https://maps.app.goo.gl/tNJviJWJggHiRVdj6,1,global,JMM,3/27/2026 20:35,659520ff-d073-4538-a006-b16ec3e674d3,3/17/2026 0:28,Santuario de Nuestra Señora del Rosario de Las Lajas,CO,Potosi
cz-filipov-basilica-of-our-lady-help-of-christians,Basilica of Our Lady Help of Christians,"In 1866, Magdalene Kade, an orphaned 31 year woman bedridden due to many illnesses, received a vision of the Blessed Virgin Mary, who immediately cured her.  A bishop's commission examined the miraculous event and recognized the healing and supernatural character.  A church was built by 1885 and elevated to a minor basilica by Pope Leo XIII, who officially consecrated it and dedicated to Mary, ""Help of Christians.""",50.9806857,14.5973499,https://maps.app.goo.gl/yCMVSMj51i2veNMu6,0,global,JMM,3/27/2026 20:35,659520ff-d073-4538-a006-b16ec3e674d3,3/17/2026 0:28,Bazilika Panny Marie Pomocnice Křesťanů,CZ,Filipov
de-augsburg-augsburg-cathedral,Augsburg Cathedral,"Cathedral of the Diocese of Augsburg.  St. Peter Canisius was appointed the ""cathedral preacher"" here in 1559.",48.3726562248586,10.8969802045589,https://maps.app.goo.gl/2wRrPW3Pruz3WmJM7,0,local,JPY,3/27/2026 20:35,,3/17/2026 0:28,"Augsburger Dom, Hoher Dom Mariä Heimsuchung",DE,Augsburg
de-augsburg-basilica-of-sts-ulrich-and-afra,Basilica of Sts. Ulrich and Afra,"Site of the martyrdom of St. Afra and burial place of Sts. Afra, Ulrich (the first canonized saint) and Simpert (778-807).",48.3614792393351,10.9000712149692,https://maps.app.goo.gl/qZrxQNmD7emBmJF48,0,regional,JPY,3/27/2026 20:35,,3/17/2026 0:28,Basilika St. Ulrich und Afra,DE,Augsburg
de-augsburg-diocesan-museum-of-st-afra,Diocesan Museum of St. Afra,"Museum of the Diocese of Augsburg, featuring vestments and other items owned by St. Ulrich.  Also presents history of Sts. Afra and Simpert, also of the Diocese of Augsburg.",48.3733418136289,10.8960887661434,https://maps.app.goo.gl/JZvdD9FpgkF55awY7,0,regional,JPY,3/27/2026 20:35,,3/17/2026 0:28,Diözesanmuseum St. Afra,DE,Augsburg
de-augsburg-former-residence-of-the-prince-bishop-of-augsburg,Former Residence of the Prince-Bishop of Augsburg,"This building is on the site where the Diet of Augsburg in 1530 took place, where the Augsburg Confession was presented.",48.3723371083759,10.8944612321084,https://maps.app.goo.gl/tSobmy41GDWVmHbs7,0,local,JPY,3/27/2026 20:35,,3/17/2026 0:28,,DE,Augsburg
eg-cairo-virgin-mary-church-in-zeitoun,Virgin Mary Church in Zeitoun,"In 1968 Our Lady began appearing over St. Mary's Coptic Orthodox church in Zeitoun, Egypt.  The church lies on the Matariya Road through which the Holy Family is traditionally known to have passed during their stay in Egypt.

For three years Our Lady appeared on many occasions, taking many forms and sometimes accompanied by doves and other phenomena. It is estimated that 40 million people across a variety of faiths witnessed these events. In addition to Our Lady of Zeitoun, here she also goes by the title ""Our Lady of Light.""

The apparitions have been verified by both the Coptic Orthodox Church and the Roman Catholic Church through the Papal Residence in Cairo.",30.1046229269409,31.3155447438101,https://maps.app.goo.gl/rPUPwJvyMjHASg4B8,0,global,JMM,3/27/2026 20:35,659520ff-d073-4538-a006-b16ec3e674d3,3/17/2026 0:28,كنيسة السيدة العذراء مريم بالزيتون,EG,Cairo
es-alba-de-tormes-convent-of-the-anunciation,Convent of the Anunciation,"The eigth of 17 communities founded by St. Teresa of Avila, in 1571, and also the place of her death in 1582.  Today the main altarpiece houses St. Teresa's incorrupt heart and arm.",40.8265328359173,-5.51440563553813,https://maps.app.goo.gl/RJKnziExV128to537,0,regional,JMM,3/27/2026 20:35,659520ff-d073-4538-a006-b16ec3e674d3,3/17/2026 0:28,Convento y Basílica de la Anunciación,ES,Alba de Tormes
es-avila-avila-cathedral,Avila Cathedral,"Construction on the cathedral first began in the 12th century and continued up until the 17th century.  As part of the Old Town of Avila, it was inscribed as a UNESCO World Heritage site in 1985.",40.6557376338577,-4.69703687109845,https://maps.app.goo.gl/CkFc7xKYCjV7YT676,0,regional,JMM,3/27/2026 20:35,659520ff-d073-4538-a006-b16ec3e674d3,3/17/2026 0:28,Catedral de Ávila,ES,Avila
es-avila-basilica-of-sts-vincent-sabina-and-cristeta,"Basilica of Sts. Vincent, Sabina and Cristeta","This basilica is built on traditional burial site of St. Vincent, a young deacon martyred for his faith in the 4th century under the reign of Diocletian.  The church houses his relics and those of fellow martyrs Sts. Sabina and Cristeta.",40.6579352089861,-4.69603908933598,https://maps.app.goo.gl/2gmuLRyLWzffoTS86,0,regional,JMM,3/27/2026 20:35,659520ff-d073-4538-a006-b16ec3e674d3,3/17/2026 0:28,"Basílica de los santos Vicente, Sabina y Cristeta",ES,Avila
es-avila-church-and-birthplace-of-st-teresa-of-jesus,Church and Birthplace of St. Teresa of Jesus,"This 17th-century church, run by the Discalced Carmelites, marks the spot where St. Teresa of Avila is believed to have been born. The church houses a museum dedicated to her life and works.",40.6554939834928,-4.70275600839255,https://maps.app.goo.gl/j8Xc7LDc2FvpPMG19,0,local,JMM,3/27/2026 20:35,659520ff-d073-4538-a006-b16ec3e674d3,3/17/2026 0:28,Basílica y Casa Natal de Santa Teresa de Jesús,ES,Avila
es-avila-convent-of-st-joseph,Convent of St. Joseph,"The first of 17 communities founded by St. Teresa of Avila, in 1562. Visitors can explore the church, cloister, and St. Teresa's cell, now a chapel dedicated to prayer.",40.6550979257916,-4.69193607128771,https://maps.app.goo.gl/gWHs19wM5J1RGE3r9,0,local,JMM,3/27/2026 20:35,659520ff-d073-4538-a006-b16ec3e674d3,3/17/2026 0:28,Convento de San José,ES,Avila
es-avila-monastery-of-the-incarnation,Monastery of the Incarnation,"Founded in 1478, this Carmelite convent in Avila was where St. Teresa entered as a young woman and lived for 27 years. She took her vows here and began her journey as a mystic and reformer. The monastery features her cell, the Chapel of Transverberation and a museum dedicated to her life.

St. John of the Cross spent notable amounts of time here as well, and during one session of prayer, received a vision of Christ on the Cross from ""above.""  The saint's drawing remains at the museum.",40.6628280445414,-4.6997760138996,https://maps.app.goo.gl/zEoRRf38j76sQ9r37,0,local,JMM,3/27/2026 20:35,659520ff-d073-4538-a006-b16ec3e674d3,3/17/2026 0:28,Monasterio de la Encarnación,ES,Avila
es-beas-de-segura-monastery-of-st-joseph-the-savior,Monastery of St. Joseph the Savior,"The tenth of 17 communities founded by St. Teresa of Avila, in 1575.",38.2510429491708,-2.88706618465537,https://maps.app.goo.gl/8aEufe3e9kogXAUq7,0,local,JMM,3/27/2026 20:35,659520ff-d073-4538-a006-b16ec3e674d3,3/17/2026 0:28,Monasterio de San José del Salvador,ES,Beas de Segura
es-burgos-convent-of-st-joseph-and-st-anne,Convent of St. Joseph and St. Anne,"The last of 17 communities founded by St. Teresa of Avila, in 1582.",42.340120675583,-3.6942737,https://maps.app.goo.gl/wdpqhM1X4xndGPJg6,0,local,JMM,3/27/2026 20:35,659520ff-d073-4538-a006-b16ec3e674d3,3/17/2026 0:28,Convento de San José y Santa Ana,ES,Burgos
es-caravaca-de-la-cruz-convent-of-st-joseph,Convent of St. Joseph,"The twelvth of 17 communities founded by St. Teresa of Avila, in 1576.",38.1067192842424,-1.8610296,https://maps.app.goo.gl/ynTt685g99qC7orcA,0,local,JMM,3/27/2026 20:35,659520ff-d073-4538-a006-b16ec3e674d3,3/17/2026 0:28,Convento de San José,ES,Caravaca de la Cruz
es-duruelo-monastery-of-duruelo,Monastery of Duruelo,"The first monastery established by St. John of the Cross and Fr. Antonio of Jesus in 1568, using a small farmhouse which had been donated to St. Teresa of Avila.  Soon the community outgrew the building, and moved to Mancera de Abajo in 1570, then Avila in 1600.",40.8341063720703,-5.13013812791797,https://maps.app.goo.gl/2UqmiAhkS7MBMmJw6,0,local,JMM,3/27/2026 20:35,659520ff-d073-4538-a006-b16ec3e674d3,3/17/2026 0:28,Monasterio de Santa Teresa de Jesús y San Juan de la Cruz,ES,Duruelo
es-fontiveros-church-of-the-birthplace-of-st-john-of-the-cross,Church of the Birthplace of St. John of the Cross,Church in the town of St. John of the Cross's birth,40.9317870668416,-4.9646371,https://maps.app.goo.gl/QvzHHaaGTupUY2aKA,0,local,JMM,3/27/2026 20:35,659520ff-d073-4538-a006-b16ec3e674d3,3/17/2026 0:28,Iglesia Casa Natal de San Juan de la Cruz,ES,Fontiveros
es-granada-convent-of-st-joseph,Convent of St. Joseph,"The sixteenth of 17 communities founded by St. Teresa of Avila, in 1582.  Co-founded with St. John of the Cross.",37.1750625813513,-3.5968725,https://maps.app.goo.gl/zn3fiPwZ7TKSCTAi9,0,local,JMM,3/27/2026 20:35,659520ff-d073-4538-a006-b16ec3e674d3,3/17/2026 0:28,Convento de San José,ES,Granada
es-la-alberca-monastery-of-st-joseph-in-las-bautecas,Monastery of St. Joseph in Las Bautecas,"The seventh of 17 communities founded by St. Teresa of Avila in 1578.  Its secluded setting reflects her desire for a life dedicated to prayer and contemplation.  As noted on the official site - the Carmelite Desert, more than a geographical place, is an interior experience of solitude and contemplation.

The monastery accepts pilgrims looking for a contemplative retreat.  Guests are invited to participate in community prayers.",40.4611684740194,-6.14685648465537,https://maps.app.goo.gl/D8sC9cWgNAcZ4cQZA,0,local,JMM,3/27/2026 20:35,659520ff-d073-4538-a006-b16ec3e674d3,3/17/2026 0:28,Monasterio de San José de las Batuecas,ES,La Alberca
es-malagon-convent-of-st-joseph,Convent of St. Joseph,"The third of 17 communities founded by St. Teresa of Avila, in 1568.",39.1728365063378,-3.85185117116384,https://maps.app.goo.gl/GmPLL4ULVAuPzNi79,0,local,JMM,3/27/2026 20:35,659520ff-d073-4538-a006-b16ec3e674d3,3/17/2026 0:28,Convento de San José de Malagón,ES,Malagon
es-medina-del-campo-convent-of-st-joseph,Convent of St. Joseph,"The second of 17 communities founded by St. Teresa of Avila, in 1567, and also where she met and influenced St. John of the Cross.

Now houses a museum.",41.3113998473347,-4.91932488465537,https://maps.app.goo.gl/g24x13T571igu5eH7,0,local,JMM,3/27/2026 20:35,659520ff-d073-4538-a006-b16ec3e674d3,3/17/2026 0:28,Convento de San José,ES,Medina del Campo
es-palencia-church-of-st-bernard,Church of St. Bernard,"The fourteenth of 17 communities founded by St. Teresa of Avila, in 1580.  It is likely the original convent is no longer in existence, though a church remains.",42.0076724799919,-4.53147064662605,https://maps.app.goo.gl/QGSiuTmxvKVYcmnp7,0,local,JMM,3/27/2026 20:35,659520ff-d073-4538-a006-b16ec3e674d3,3/17/2026 0:28,Iglesia de San Bernardo,ES,Palencia
es-pastrana-convent-of-carmel,Convent of Carmel,"The sixth of 17 communities founded by St. Teresa of Avila, in 1569.  St. John of the Cross may have written his Dark Night of the Soul and Ascent of Mount Carmel here.

In 1836 the convent was confiscated by the Spanish government, but in 1855 was reoccupied by Conceptionist Franciscan nuns.  Today it serves as a Conceptionist convent and Teresan museum.",40.4050876865406,-2.91725329352686,https://maps.app.goo.gl/qrjL4k6VdsJmEtF57,0,local,JMM,3/27/2026 20:35,659520ff-d073-4538-a006-b16ec3e674d3,3/17/2026 0:28,Convento del Carmen,ES,Pastrana
es-santiago-de-compostela-metropolitan-archcathedral-basilica-of-santiago-de-compostela,Metropolitan Archcathedral Basilica of Santiago de Compostela,"This cathedral is the reputed burial place of St. James the Great, one of the twelve apostles.  According to tradition, his tomb was rediscovered in 814 AD by St. Pelagius the Hermit.

One of the most famous pilgrimage destinations in the world, it lies at the end of the Camino de Santiago, or Way of St. James.  Today the church is the centerpiece of the larger Santiago de Compostela UNESCO World Heritage Site.",42.8806093820127,-8.5443954,https://maps.app.goo.gl/KvKB4tYxpqkPaWUa6,0,global,JMM,3/27/2026 20:35,659520ff-d073-4538-a006-b16ec3e674d3,3/17/2026 0:28,Catedral de Santiago de Compostela,ES,Santiago de Compostela
es-segovia-convent-of-st-john-of-the-cross,Convent of St. John of the Cross,"St. John of the Cross founded the convent in 1588 and led the community as prior until 1591.  His head and body are located in a side chapel.

Although no longer an active monastery, the site serves as a sanctuary for spiritual exercises.  Pope St. John Paul II visited the site in 1982.",40.955391357159,-4.13347186323157,https://maps.app.goo.gl/Ah77UgAkmbUHvKR98,0,regional,JMM,3/27/2026 20:35,659520ff-d073-4538-a006-b16ec3e674d3,3/17/2026 0:28,Convento de San Juan de la Cruz,ES,Segovia
es-segovia-convent-of-st-joseph,Convent of St. Joseph,"The ninth of 17 communities founded by St. Teresa of Avila, in 1574.",40.9511969074217,-4.12682272001028,https://maps.app.goo.gl/wgbu8Ryg6S9CxKYy8,0,local,JMM,3/27/2026 20:35,659520ff-d073-4538-a006-b16ec3e674d3,3/17/2026 0:28,Convento de San José,ES,Segovia
es-seville-convent-of-st-joseph-of-carmel-las-teresas,Convent of St. Joseph of Carmel (Las Teresas),"The eleventh of 17 communities founded by St. Teresa of Avila, in 1575.  This convent does not appear open to the public.",37.3858007514651,-5.98899388465537,https://maps.app.goo.gl/zdywBW2FHUVccbzE9,0,local,JMM,3/27/2026 20:35,659520ff-d073-4538-a006-b16ec3e674d3,3/17/2026 0:28,Convento de San José del Carmen,ES,Seville
es-soria-convent-of-our-lady-of-carmel,Convent of Our Lady of Carmel,"The fifteenth of 17 communities founded by St. Teresa of Avila, in 1581.",41.7646254483495,-2.46296793728833,https://maps.app.goo.gl/o3dHxc9Y3FTbXt4W8,0,local,JMM,3/27/2026 20:35,659520ff-d073-4538-a006-b16ec3e674d3,3/17/2026 0:28,Convento de Nuestra Señora del Carmen,ES,Soria
es-toledo-convent-of-st-joseph,Convent of St. Joseph,"The fifth of 17 communities founded by St. Teresa of Avila, in 1569.",39.8603574994518,-4.02473433549618,https://maps.app.goo.gl/cbYEidWeuQZdYNPy5,0,local,JMM,3/27/2026 20:35,659520ff-d073-4538-a006-b16ec3e674d3,3/17/2026 0:28,Convento de San José,ES,Toledo
es-ubeda-oratory-of-st-john-of-the-cross,Oratory of St. John of the Cross,"In 1591, St. John of the Cross died here, the site of a former monastery.  Today, there is a chapel housing his relics (a hand and leg) and a museum related to his life.",38.0097164534484,-3.36573704226182,https://maps.app.goo.gl/TqAqX6N8ZHy2Wsvo7,0,regional,JMM,3/27/2026 20:35,659520ff-d073-4538-a006-b16ec3e674d3,3/17/2026 0:28,Oratorio de San Juan de la Cruz,ES,Ubeda
es-valladolid-convent-of-st-teresa,Convent of St. Teresa,"The fourth of 17 communities founded by St. Teresa of Avila, in 1568.",41.6598863777792,-4.72687771534462,https://maps.app.goo.gl/pp7pyPitP3SE4NZN7,0,local,JMM,3/27/2026 20:35,659520ff-d073-4538-a006-b16ec3e674d3,3/17/2026 0:28,Convento de Santa Teresa,ES,Valladolid
es-villanueva-de-la-jara-convent-of-st-anne,Convent of St. Anne,"The thirteenth of 17 communities founded by St. Teresa of Avila, in 1580.",39.4396102153669,-1.95650919993269,https://maps.app.goo.gl/YUpoSZLPQwtT4u2X9,0,local,JMM,3/27/2026 20:35,659520ff-d073-4538-a006-b16ec3e674d3,3/17/2026 0:28,Convento de Santa Ana,ES,Villanueva de la Jara
es-zaragoza-cathedral-basilica-of-our-lady-of-the-pillar,Cathedral-Basilica of Our Lady of the Pillar,"According to ancient Christian tradition, Mary appeared to the apostle James the Greater as he was preaching in Spain.  In 40 AD, while facing severe discouragement, St. James was praying on the banks of the Ebro River when the Blessed Mother appeared to him on a column, encouraging him to persevere in his missionary efforts.  This apparition is unique because Mary would have bilocated while still alive in Jerusalem or Ephesus.",41.6566567693307,-0.878240620546361,https://maps.app.goo.gl/JuYhPiw2NEccphcH7,1,global,JMM,3/27/2026 20:35,659520ff-d073-4538-a006-b16ec3e674d3,3/17/2026 0:28,Catedral-Basílica de Nuestra Señora del Pilar,ES,Zaragoza
fr-alencon-birthplace-of-st-therese,Birthplace of St. Therese,"The family home in AlenÃ§on where St. Therese was born in 1873, and where the Martin family lived.  Today it is the focal point of the Sanctuary of Louis and Zelie.",48.4323326,0.0916869,https://maps.app.goo.gl/fR2tak4YDvUFKTMF7,0,local,JMM,3/27/2026 20:35,659520ff-d073-4538-a006-b16ec3e674d3,3/26/2026 2:32,Maison Natale de Sainte Therese,FR,Alencon
fr-la-salette-fallavaux-sanctuary-of-our-lady-of-la-salette,Sanctuary of Our Lady of La Salette,"In 1846, the Blessed Virgin Mary appeared to 11-year-old Maximin Giraud and 14-year-old Melanie Calvat-Mathieu while they tended sheep in a small French Alpine village.  Her appearance in sorrow and tears called for conversion and repentance.",44.8586296,5.9788044,https://maps.app.goo.gl/Nz5GoFMxGqfD8KkZ8,0,global,JMM,3/27/2026 20:35,659520ff-d073-4538-a006-b16ec3e674d3,3/17/2026 0:28,Sanctuaire Notre-Dame de la Salette,FR,La Salette-Fallavaux
fr-le-puy-en-velay-cathedral-of-our-lady-of-puy,Cathedral of Our Lady of Puy,"In 47 AD, Our Lady appeared to a recent Christian convert, in a chapel built few years before on a high mountain. This woman was plagued by a serious illness and no doctor had been able to help.  The Blessed Mother, during her appearance, completely cured her.",45.0456296446269,3.88463383893332,https://maps.app.goo.gl/7VtcwmudYzNpZ6Fy8,0,global,JMM,3/27/2026 20:35,659520ff-d073-4538-a006-b16ec3e674d3,3/17/2026 0:28,Cathédrale Notre-Dame-du-Puy,FR,Le Puy-en-Velay
fr-lisieux-basilica-of-st-therese-of-lisieux,Basilica of St. Therese of Lisieux,"The Basilica of St. Therese of Lisieux is the second-largest pilgrimage site in France after Lourdes, dedicated to one of the most popular saints of modern times.",49.1414,0.2271,https://maps.app.goo.gl/ZqawMA9FUKwtCBp88,1,regional,JMM,3/27/2026 20:35,659520ff-d073-4538-a006-b16ec3e674d3,3/17/2026 0:28,Basilique Sainte-Thérèse de Lisieux,FR,Lisieux
fr-lourdes-sanctuary-of-our-lady-of-lourdes,Sanctuary of Our Lady of Lourdes,"In a series of apparitions in 1858, the Virgin Mary appeared to St. Bernadette Soubirous.  The stream of holy water which St. Bernadette uncovered has become a well-known source of healing, and Lourdes is now a major pilgrimage destination.",43.0974206,-0.0582611,https://maps.app.goo.gl/mjXUkxVaTHc6utbD6,0,global,JMM,3/27/2026 20:35,659520ff-d073-4538-a006-b16ec3e674d3,3/17/2026 0:28,Sanctuaire Notre-Dame de Lourdes,FR,Lourdes
fr-paris-chapel-of-our-lady-of-the-miraculous-medal,Chapel of Our Lady of the Miraculous Medal,"Catherine Laboure, a novitiate in the order of the Sisters of Charity, received various visions of St. Vincent de Paul and of Jesus present in the Eucharist, before also experiencing two apparitions of the Blessed Virgin Mary.  In the first vision, 1830, Catherine was told of the impending travails of France and of an unspecified future mission.  Several months later she received a message detailing the designs for a medal, later known as the Miraculous Medal, now reproduced over a billion times and distributed around the world.  The apparition was investigated in 1836 and later approved.  St. Catherine worked for 46 more years in hospices of her Order tending to the aged and infirmed, and is now known as the patroness of seniors.  Her body currently lies incorrupt at the site of the apparition in Paris (immediate right side of the altar), alongside St. Louise de Marillac (left of the altar) and the heart of St. Vincent de Paul (furthest right).",48.8507859,2.3229912,https://maps.app.goo.gl/gR5AXTsyiQMuoXSWA,0,global,JMM,3/27/2026 20:35,659520ff-d073-4538-a006-b16ec3e674d3,3/17/2026 0:28,Chapelle Notre-Dame-de-la-Médaille-Miraculeuse,FR,Paris
fr-paris-st-vincent-de-paul-chapel,St. Vincent De Paul Chapel,Vincentian church housing the relics of Sts. Vincent de Paul and Jean-Gabriel Perboyre.  St. Vincent de Paul's heart is nearby at the more famous Miraculous Medal Chapel.,48.8488573825124,2.32163111226356,https://maps.app.goo.gl/3rsiW6ABvcXZnRm19,0,regional,JMM,3/27/2026 20:35,659520ff-d073-4538-a006-b16ec3e674d3,3/17/2026 0:28,Chapelle Saint-Vincent-de-Paul,FR,Paris
fr-pontmain-basilica-of-pontmain,Basilica of Pontmain,"In 1871, during the Franco-Prussian War, Mary appeared on a farm to students at the nearby convent school.  Her message was written on a banner that unfurled from her feet: ""But pray my children. God will hear you in a short time. My Son allows Himself to be moved by compassion."" Because of this message, Our Lady of Pontmain is also knows as ""Mother of Hope.""",48.4396021,-1.0592325,https://maps.app.goo.gl/dJPAVW13MGv1xPrJ7,0,global,JMM,3/27/2026 20:35,659520ff-d073-4538-a006-b16ec3e674d3,3/17/2026 0:28,Basilique Notre-Dame de Pontmain,FR,Pontmain
fr-saint-etienne-le-laus-sanctuary-of-our-lady-of-laus,Sanctuary of Our Lady of Laus,"Benoite Rencurel, a poor shepherdess, received apparitions from the Virgin Mary from 1664 until her death in 1718.  During the apparitions, the Blessed Mother asked for a church and a house for priests to be built, with the intent of drawing people to greater conversion, especially through the sacrament of penance.  The holy site now draws 120,000 pilgrims annually, and is associated with numerous physical healings.",44.5212016,6.152116,https://maps.app.goo.gl/Xnq7wtijV9YHtZ2N7,0,global,JMM,3/27/2026 20:35,659520ff-d073-4538-a006-b16ec3e674d3,3/17/2026 0:28,Sanctuaire Notre-Dame du Laus,FR,Saint-Etienne-le-Laus
gb-london-corpus-christi-catholic-church,Corpus Christi Catholic Church,"The oldest church operating as a Catholic Church in the heart of London.  This church was built as an act of reparation for the sins against the Sacrament that had been committed in the time of persecution, and was opened in 1874.  Msgr. Ronald Knox preached here.",51.5109140070444,-0.122552299990965,https://maps.app.goo.gl/8RvGzgr3CAPMTus19,0,local,JPY,3/27/2026 20:35,,3/17/2026 0:29,,GB,London
gb-london-lincolns-inn,Lincoln's Inn,An inn of court dating back to before 1422.  St. Thomas More was a member of this inn.,51.5160128872822,-0.113407112359035,https://maps.app.goo.gl/YxThCzMxziTKtJfo7,0,local,JPY,3/27/2026 20:35,,3/17/2026 0:29,,GB,London
gb-london-marker-of-birth-street-of-st-thomas-more,Marker of Birth Street of St. Thomas More,Marker to commemorate that St. Thomas More was born near this spot.,51.5153128613725,-0.0935019757929467,https://maps.app.goo.gl/82tdoRLYn6G7X6vKA,0,local,JPY,3/27/2026 20:35,,3/17/2026 0:29,,GB,London
gb-london-site-of-marshalsea-prison,Site of Marshalsea Prison,"Prison that held, among others, Charles Dickens' father.  Saints and blesseds held here include Ralph Sherwin, John Griffith, Anne Line, William Exmew, John Storey, Everard Hanse, William Filby, and Thomas Cottam.  Today this alley features images and quotes from one of Charles Dickens' books that featured the prison.",51.5017256286454,-0.0921699005100171,https://maps.app.goo.gl/txGGMLZw326Y5ZiP7,0,local,JPY,3/27/2026 20:35,,3/17/2026 0:29,,GB,London
gb-london-site-of-tyburn-tree,Site of Tyburn Tree,"Tyburn Tree was the name of the gallows where many Catholic martyrs were hung, drawn, and quartered or hung until dead.

The saints, blesseds, and venerables who died on this site include John Houghton, Robert Lawrence, Augustine Webster, Richard Reynolds, Ralph Sherwin, Alexander Briant, Luke Kirby, Margaret Ward, Eustace White, Polydore Plasden, Thomas Garnet, John Roberts, John Almond, Bartholomew Roe, Henry Morse, John Southworth, Oliver Plunkett, John Haile (or Hale), William Exmew, Humphrey Middlemore, Sebastian Newdigate, Robert Johnson, William Filby, Lawrence Richardson, Thomas Cottam, John Storey, Thomas Woodhouse, John Nelson, Thomas Sherwood, Everard Hanse, William Horne, John Larke and German Gardiner.

Down the street to the west is Tyburn Convent.",51.5133260560522,-0.160381452351621,https://maps.app.goo.gl/YUqPFoeupGSYYsnVA,0,regional,JPY,3/27/2026 20:35,,3/17/2026 0:28,,GB,London
gb-london-tyburn-convent,Tyburn Convent,"Convent near Tyburn Tree, containing the relics of dozens of English martyrs.  The order is Foundress of the Adorers of the Sacred Heart of Jesus of Montmartre, Order of St. Benedict, who are dedicated to perpetual adoration.  The foundress of the order, Servant of God Mother Marie Adele Garnier (1838-1924), is also buried here.",51.5129913325463,-0.163508089325755,https://maps.app.goo.gl/CodCST5BzKNTqNwu9,0,regional,JPY,3/27/2026 20:35,,3/17/2026 0:29,,GB,London
gb-london-westminster-hall,Westminster Hall,"Last remaining part of the medieval Palace of Westminster.  The floor includes a plaque commemorating the trial of St. Thomas More, which took place here.  He also served as a member of parliament in this hall.  Other saints who faced trial and conviction here include Ralph Sherwin, Edmund Campion, Oliver Plunkett, William Exmew, John Shert, and Robert Johnson.",51.500082458633,-0.125463808057498,https://maps.app.goo.gl/TFx7P2ztqkzz23Rz9,0,local,JPY,3/27/2026 20:35,,3/17/2026 0:29,,GB,London
gt-santiago-atitlan-church-of-st-james-the-apostle,Church of St. James the Apostle,"Bl. Stanley Rother ministered to the native Tz'utujil people of Guatemala for years at St. James the Apostle church, on the shores of Lake Atitlan.  He was martyred in the rectory on July 28, 1981.",14.638171,-91.229103,https://maps.app.goo.gl/exQpucpyGysSCK8z6,0,regional,JMM,3/27/2026 20:35,659520ff-d073-4538-a006-b16ec3e674d3,3/17/2026 0:28,Iglesia de Santiago Apóstol de Atitlán,GT,Santiago Atitlan
ie-knock-knock-shrine,Knock Shrine,"In 1879, 15 individuals witnessed the figures of Mary, Joseph, John the Evangelist, and a lamb and cross atop an altar, all enveloped in a bright light outside the local church.  The imagery of Our Lady of Knock is unique to this apparition and holds eschatological significance for Catholics.",53.7927562,-8.918981,https://maps.app.goo.gl/Ani8d4xWTS8d185f6,0,global,JMM,3/27/2026 20:35,659520ff-d073-4538-a006-b16ec3e674d3,3/17/2026 0:28,,IE,Knock
in-cortalim-sanctuary-of-st-joseph-vaz,Sanctuary of St. Joseph Vaz,"St. Joseph Vaz was a priest form Goa, India, who became a missionary in Ceylon (now Sri Lanka), preaching to the abandoned Catholics in a largely Buddhist country.  This shrine is located in the city of his birth.",15.3912514402316,73.903795958225,https://maps.app.goo.gl/tBeNbqHYHJo4eNub8,0,local,NDS,3/27/2026 20:35,,3/17/2026 0:28,संत जोसफ वाझ सँक्चुरी,IN,Cortalim
in-kuravilangad-major-archiepiscopal-marth-mariam-archdeacon-pilgrim-church-at-kuravilangad,Major Archiepiscopal Marth Mariam Archdeacon Pilgrim Church at Kuravilangad,"According to tradition, Our Lady appeared to a few shepherd children at Kuravilangad as they were tending their flock.  She asked them to build a church at the place from where a miraculous perpetual spring sprouted, which exists even today.  The children reported this matter to the elders and a church was built there.",9.754446,76.56482,https://maps.app.goo.gl/fBJPZePTtrMwHLtGA,0,global,JMM,3/27/2026 20:35,659520ff-d073-4538-a006-b16ec3e674d3,3/17/2026 0:28,"മേജർ ആർക്കിഎപ്പിസ്കോപ്പൽ മർത്ത് മറിയം ആർച്ച് ഡീക്കൻ തീർത്ഥാടന ദൈവാലയം, കുറവിലങ്ങാട്",IN,Kuravilangad
in-velankanni-basilica-of-our-lady-of-good-health,Basilica of Our Lady of Good Health,"According to tradition, there have been multiple apparitions of the Blessed Virgin Mary at Velankanni, also known as Our Lady of Good Health.  As tradition would have it, the first of many apparitions occured to a young boy who was delivering buttermilk.",10.6803068,79.8493137,https://maps.app.goo.gl/RkWstMmUp2DwWHLa9,0,global,NDS,3/27/2026 20:35,,3/17/2026 0:28,வேளாங்கண்ணி திருத்தல பேராலயம்,IN,Velankanni
it-corinaldo-birthplace-of-st-maria-goretti,Birthplace of St. Maria Goretti,"Here St. Maria Goretti was born on October 16, 1890.",43.659849,13.05112,https://maps.app.goo.gl/vWjvdCjRDf9EGbZh9,0,local,JPY,3/27/2026 20:35,,3/17/2026 0:28,Casa Natale di Santa Maria Goretti,IT,Corinaldo
it-corinaldo-church-of-st-francis-corinaldo,"Church of St. Francis, Corinaldo",This was the Gorettis' parish church when they lived in Corinaldo.  Here Luigi and Assunta Goretti were married and St. Maria Goretti baptized.  The font where she was baptized is still preserved in the church.,43.650785,13.047758,https://maps.app.goo.gl/kaQzxGUzP7y4kCet6,0,local,JPY,3/27/2026 20:35,,3/17/2026 0:28,Chiesa Collegiata San Francesco di Assisi,IT,Corinaldo
it-corinaldo-diocesan-sanctuary-of-st-maria-goretti,Diocesan Sanctuary of St. Maria Goretti,"This church is the final resting place for St. Maria Goretti's mother, Assunta, and her repentant murderer, Alessandro Serenelli.  There is also a relic of Maria's arm here.",43.6493065,13.0472097,https://maps.app.goo.gl/u11Ghgyg69DWxk5q6,0,regional,JPY,3/27/2026 20:35,,3/17/2026 0:28,Santuario di Santa Maria Goretti,IT,Corinaldo
it-le-ferriere-goretti-house,Goretti House,"Here St. Maria Goretti lived with her family and where she was martyred, stabbed by Alessandro Serenelli.  She died the next day in a hospital in Nettuno.  Today it is a museum.",41.5161008,12.7567,https://maps.app.goo.gl/JQneDwPiNDGGVQF26,0,regional,JPY,3/27/2026 20:35,,3/17/2026 0:28,Casa del Martirio di Santa Maria Goretti,IT,Le Ferriere
it-nettuno-basilica-of-our-lady-of-graces-and-st-maria-goretti,Basilica of Our Lady of Graces and St. Maria Goretti,"This church houses the remains of St. Maria Goretti, and what is believed to be the statue of Our Lady of Grace.  The remains of St. Maria Goretti lie in the crypt beneath the basilica.  The bones are encased in a wax statue; she is not incorrupt.

The church contains a statue called Our Lady of Grace, which may be the original statue from Ipswich.  Our Lady of Ipswich, along with Our Lady of Walsingham, was one of the largest pilgrimage sites in England up until the Reformation.  During this period, Our Lady of Grace may have been smuggled to Italy.  In modern times, the faithful hold a procession with the statue on the first Saturday each May.",41.457154,12.668148,https://maps.app.goo.gl/RVjY71eXaJ3vNxwc6,0,regional,JPY,3/27/2026 20:35,,3/17/2026 0:28,Santuario di Nostra Signora delle Grazie e di Santa Maria Goretti,IT,Nettuno
it-nettuno-st-maria-goretti-tent-of-pardon,St. Maria Goretti Tent of Pardon,"The ""Tent of Pardon"" is the site where, according to the National Catholic Register (see linked article), St. Maria Goretti lay dying in Nettuno.  It was here that she forgave her murderer, and may also be the place of her death.",41.456946,12.64985,https://maps.app.goo.gl/fEY9AcTBwm5w4fco8,0,local,JPY,3/27/2026 20:35,,3/17/2026 0:28,Tenda del Perdono,IT,Nettuno
it-nettuno-statue-of-st-maria-goretti,Statue of St. Maria Goretti,"A statue of St. Maria Goretti in Nettuno, the town where she died.",41.45725,12.65585,https://maps.app.goo.gl/mwbtZD2AhwPqELP3A,0,personal,JPY,3/27/2026 20:35,,3/17/2026 0:28,,IT,Nettuno
it-oropa-sanctuary-of-oropa,Sanctuary of Oropa,"According to tradition, the statue known as the Black Madonna of Oropa was brought to Italy from the Holy Land by Bishop Eusebius of Vercelli in the fourth century A.D.

Bl. Pier Giorgio Frassati would also hike in this area.  His family villa was nearby, and he would visit the shrine regularly.",45.6258893442062,7.98237638465537,https://maps.app.goo.gl/hFcR819wJhqP2PWm9,0,regional,JPY,3/27/2026 20:35,,3/17/2026 0:28,Santuario di Oropa,IT,Oropa
it-rezzato-sanctuary-of-our-lady-of-valverde,Sanctuary of Our Lady of Valverde,"The Shrine of Our Lady of Valverde dates back to 1399, when Our Lady appeared to a farmer plowing his field.  During the summer of 1711, when the province was hit by a severe epidemic, the inhabitants of Rezzato prayed to Our Lady of Valverde.  On October 1, Our Lady appeared a second time to Paul Ogna, 8, and Francesco Pelizzari, 11, who went to collect chestnuts near the Sanctuary pond.  Our Lady promised the end of the epidemic.",45.5236738652071,10.3142692079531,https://maps.app.goo.gl/Udxo9ZD3m4qStusm8,0,global,JMM,3/27/2026 20:35,659520ff-d073-4538-a006-b16ec3e674d3,3/17/2026 0:28,Santuario di Maria Santissima di Valverde di Rezzato,IT,Rezzato
it-rome-basilica-of-st-lawrence-outside-the-walls,Basilica of St. Lawrence Outside the Walls,"Site of the martyrdom of St. Lawrence, grilled to death.  His relics are here, along with the relics of St. Stephen and St. Justin Martyr.  Pope Pius IX is also buried here.  This is one of the seven churches of Rome.",41.902528,12.520559,https://maps.app.goo.gl/pP35doxep3RZLaNu5,0,global,JPY,3/27/2026 20:35,,3/17/2026 0:29,Basilica di San Lorenzo fuori le Mura,IT,Rome
it-rome-basilica-of-st-sebastian-outside-the-walls,Basilica of St. Sebastian Outside the Walls,"One of the seven pilgrim churches of Rome, the current church was built in 1714.  The catacombs of St. Sebastian are nearby.  St. Sebastian is below one of the side altars.  One of the arrows that struck him and the column he was tied to are also here.  Christ's footprints from when he met St. Peter on the Via Appia (Quo Vadis, Domine?) are here, as is a bust of Christ, which was Bernini's last sculpture.",41.8558325,12.5158104,https://maps.app.goo.gl/BwZTbucJCeD4vQzR7,0,global,JPY,3/27/2026 20:35,,3/17/2026 0:29,Basilica di San Sebastiano fuori le Mura,IT,Rome
it-rome-catacombs-of-priscilla,Catacombs of Priscilla,"40,000 tombs line the 13km of tunnels in these catacombs.  Some of those buried here include Pope Marcellinus, Pope Marcellus, Pope Sylvester, Felix and Philip, Pudenziana, and Praxedes, and Maurus and Simetrius.  These catacombs also include the oldest depiction of the Virgin and Child, with the prophet Balaam.",41.9296501999999,12.5087439,https://maps.app.goo.gl/F8a85zr4nuygaq73A,0,regional,JPY,3/27/2026 20:35,,3/17/2026 0:29,Catacombe di Priscilla,IT,Rome
it-rome-catacombs-of-st--sebastian,Catacombs of St.  Sebastian,"Ancient publicly-accessible catacombs, named after St. Sebastian, who was buried here.",41.8559245,12.5161847,https://maps.app.goo.gl/BTkAy5idZFzM3cJM7,0,regional,JPY,3/27/2026 20:35,,3/17/2026 0:29,Catacombe di San Sebastiano,IT,Rome
it-rome-church-of-st-ignatius-of-loyola,Church of St. Ignatius of Loyola,"17th-century Roman Catholic church with trompe l'oeil ceilings & frescoes depicting St. Ignatius.  The Jesuits did not have enough money for a dome, so there is a fake dome painted on the ceiling.  Sts. Aloysius Gonzaga, John Berchmans, and Robert Bellarmine are all buried here.  From next to St. Aloysius' altar in the church, there is a stairway leading to his rooms, as well as the rooms of St. John Berchmans.",41.8991867,12.4797362,https://maps.app.goo.gl/npetND2PYC3hqSiW8,0,regional,JPY,3/27/2026 20:35,,3/17/2026 0:29,Chiesa di Sant'Ignazio di Loyola,IT,Rome
it-rome-papal-basilica-of-st-mary-major,Papal Basilica of St. Mary Major,"A wealthy but childless Christian Roman couple wanted to appoint the Virgin Mary as heiress of their property. On the night of August 4, Mary appeared simultaneously to the couple and Pope Liberius, expressing the wish that a church be erected on Esquiline Hill.  The morning of August 5, miraculous snow fell on a narrow piece of land, upon which the Church of Liberius was constructed.  This Marian shrine was replaced in the fifth century with a great church named Santa Maria Maggiore, which is now one of the four major basilicas.  Today Mary's involvement in the original miracle has granted her the title ""Our Lady of the Snows.""",41.8972931099639,12.4989743434214,https://maps.app.goo.gl/qFDwiSk8rST5X8946,0,global,JMM,3/27/2026 20:35,659520ff-d073-4538-a006-b16ec3e674d3,3/17/2026 0:28,Basilica Papale di Santa Maria Maggiore,IT,Rome
it-rome-papal-basilica-of-st-paul-outside-the-walls,Papal Basilica of St. Paul Outside the Walls,"Magnificent papal basilica dating from the 4th century, with tomb of St. Paul & elegant cloisters.  Destroyed by fire in 1823, it was rebuilt and reconsecrated in 1854.  Portraits of all the popes line the nave.",41.858785,12.4761771,https://maps.app.goo.gl/eNC3yGkHuv8mU7CB7,0,global,JPY,3/27/2026 20:35,,3/17/2026 0:29,Basilica Papale di San Paolo fuori le Mura,IT,Rome
it-rome-sanctuary-of-the-virgin-of-the-revelation-tre-fontane-grotto,Sanctuary of the Virgin of the Revelation (Tre Fontane Grotto),"Our Lady of Revelation appeared in this grotto next to Tre Fontane in the 1947 to Bruno Cornacchiola, a communist, seventh-day adventist, and would-be assasin of Pope Pius XII.",41.8361172,12.4800634,https://maps.app.goo.gl/FDHwBbny3a8YZw7t5,0,regional,JPY,3/27/2026 20:35,,3/17/2026 0:29,Santuario della Vergine della Rivelazione / Grotta delle Tre Fontane,IT,Rome
it-rome-santa-maria-in-cosmedin,Santa Maria in Cosmedin,"Home of the Bocca della Verita, which according to popular myth will bite off the hand of any liar who sticks his hand into its mouth.  The relics of a martyr, St. Cyrilla, are here.  There is also a dubious relic of St. Valentine.  The church today belongs to the Melkites.",41.8880752,12.4816333,https://maps.app.goo.gl/LGnrMWc4EmW15Lyy7,0,local,JPY,3/27/2026 20:35,,3/17/2026 0:29,Basilica di Santa Maria in Cosmedin,IT,Rome
it-rome-santa-maria-maddalena-campo-marzio,"Santa Maria Maddalena, Campo Marzio","International headquarters of the Congregation of Clerks Regular, Ministers of the Sick also known as Camilliani or Camillians.  St. Camillus de Lellis purchased the property for his new order.  The church, dedicated to St. Mary Magdelene, houses St. Camillus' relics, as well as the miraculous crucifix that embraced him on his death bed.  Built on the ancient Field of Mars",41.9001324215348,12.4767205534292,https://maps.app.goo.gl/Re3HaSoU5sxyLdLLA,0,regional,JPY,3/27/2026 20:35,,3/17/2026 0:29,Chiesa di Santa Maria Maddalena,IT,Rome
it-rome-santandrea-delle-fratte-st-andrew-of-the-thickets,Sant'Andrea delle Fratte (St. Andrew of the Thickets),"Marie Alphonse Ratisbonne, an anti-Catholic Jew, befriended a baron in Rome and began wearing the Miraculous Medal as a simple test.  On January 20, 1842, after entering the church of Sant'Andrea delle Fratte, Ratisbonne experienced a vision of the Blessed Virgin Mary.  He converted to Catholicism, joined the priesthood, and began a ministry for the conversion of Jews. Today these apparitions go by the titles of ""Our Lady of the Miracle"" and ""Our Lady of Zion.""",41.9035637,12.4836739,https://maps.app.goo.gl/7GaNx9oxB6wgEGH6A,0,global,JMM,3/27/2026 20:35,659520ff-d073-4538-a006-b16ec3e674d3,3/17/2026 0:28,Basilica Sant'Andrea delle Fratte,IT,Rome
it-rome-tre-fontane-three-fountains-abbey,Tre Fontane (Three Fountains) Abbey,"Officially Church of St. Paul at the Martyrdom, this church is located within a Cistercian (strict observance) abbey.  The name ""Tre Fontane"" refers to the three fountains the church is built over.  Tradition says that this is the spot where St. Paul was beheaded.  His head bounced three times.  Each place it bounced, a fountain sprang up.  Note that there are three churches at this monastery.  The church of Tre Fontane is the one furthest back.",41.8339214,12.4842555,https://maps.app.goo.gl/4oRxAHvPbTY3LBXTA,0,global,JPY,3/27/2026 20:35,,3/17/2026 0:29,Abbazia delle Tre Fontane,IT,Rome
jp-akita-seitai-hoshikai,Seitai Hoshikai,"Sister Agnes Sasagawa received visions of an angel and messages emanating from a wooden statue of Our Lady which wept 101 times, including one instance which was broadcast on Japanese national television in December 1973.  Today, this statue goes by the name ""Our Lady of Akita.""",39.7592244041621,140.14975314135,https://maps.app.goo.gl/akzkBTEbCxKsKkqb8,0,global,JMM,3/27/2026 20:35,659520ff-d073-4538-a006-b16ec3e674d3,3/17/2026 0:28,聖体奉仕会,JP,Akita
lt-siluva-basilica-of-the-nativity-of-the-blessed-virgin-mary,Basilica of the Nativity of the Blessed Virgin Mary,"One summer day, in 1608, a number of children were playing while tending their sheep in a field on the outskirts of the village of Siluva.  They beheld a beautiful young woman standing on the rock holding a baby in her arms and weeping bitterly.  The apparition of Our Lady of Siluva helped restore the Faith to a town which had lost its Catholic identity to the Calvinists.",55.5306126,23.2199252,https://maps.app.goo.gl/QztbG4soH6k8BKGt8,0,global,JMM,3/27/2026 20:35,659520ff-d073-4538-a006-b16ec3e674d3,3/17/2026 0:28,Švč. Mergelės Marijos Gimimo Bazilika,LT,Siluva
mx-mexico-city-basilica-of-our-lady-of-guadalupe,Basilica of Our Lady of Guadalupe,"In December 1531, the Virgin Mary appeared to St. Juan Diego and his uncle.  The miraculous image imprinted on Juan Diego's tilma is on display at the Basilica of Our Lady of Guadalupe, which is the most-visited Catholic shrine in the world.",19.4834328,-99.1174103,https://maps.app.goo.gl/ZmPvrMiJmHiJhjRw9,0,global,JMM,3/27/2026 20:35,659520ff-d073-4538-a006-b16ec3e674d3,3/17/2026 0:28,Basílica Santa María de Guadalupe,MX,Mexico City
mx-mexico-city-church-of-the-holy-family,Church of the Holy Family,"This church, aside from being incredibly beautiful, is where Bl. Miguel Pro's remains are kept, to the right of the main altar.  His funeral procession passed in front of this church, though we are not sure if he had a funeral here.",19.422522,-99.1609427,https://maps.app.goo.gl/VafCn2KZ7MfLttVg6,0,regional,JPY,3/27/2026 20:35,,3/17/2026 0:28,Parroquia de la Sagrada Familia,MX,Mexico City
mx-mexico-city-museum-of-bl-miguel-agustin-pro,Museum of Bl. Miguel Agustin Pro,"This museum contains many of Bl. Miguel Pro's personal belongings, including cassocks, vestments, the suit he was shot in, and the cot where he slept the night before his martyrdom.

The location of Fr. Pro's arrest appears to be unknown, but the location of his martyrdom is known.",19.4224,-99.16095,https://maps.app.goo.gl/oWpMG3y1ppczZnBn6,0,regional,JPY,3/27/2026 20:35,,3/17/2026 0:28,Museo Padre Pro,MX,Mexico City
mx-mexico-city-site-of-bl-miguel-pros-martyrdom,Site of Bl. Miguel Pro's Martyrdom,"At this site, where an outdoor short stairway stands on the lottery building, is the site where Bl. Miguel Pro was martyred by firing squad.  These buildings were all built since that time.",19.436178,-99.150291,https://maps.app.goo.gl/LVrL3fveaMm5XeYF9,0,local,JPY,3/27/2026 20:35,,3/17/2026 0:28,,MX,Mexico City
it-rome-papal-archbasilica-of-st-john-lateran,Papal Archbasilica of St. John Lateran,"As the cathedral of the Diocese of Rome, it is the official ecclesiastical seat of the Pope and ranks as the oldest and first among the four major papal basilicas. It holds the unique title of 'Mother and Head of all Churches in the City and the World.'",41.885833,12.506111,https://maps.app.goo.gl/Qu7hgYB9cKXDJG4r7,0,global,JMM,3/27/2026 21:26,659520ff-d073-4538-a006-b16ec3e674d3,3/27/2026 21:26,Arcibasilica Papale del Santissimo Salvatore e Santi Giovanni Battista ed Evangelista in Laterano,IT,Rome
ph-manaoag-minor-basilica-of-our-lady-of-the-rosary-of-manaoag,Minor Basilica of Our Lady of the Rosary of Manaoag,"Tradition dicates that the Blessed Mother showed herself to a middle-aged farmer and gave him a message on where she wanted her church to be built, appearing to him on a tree amidst a heavenly glow.  Today the center of devotion is the miraculous image of Our Lady of the Holy Rosary (Nuestra Senora de Manaoag, or Apo Baket as known to the local townspeople).",16.0440593284094,120.488325579597,https://maps.app.goo.gl/5qCmhPnuvyxLkTEQ9,0,global,JMM,3/27/2026 20:35,659520ff-d073-4538-a006-b16ec3e674d3,3/17/2026 0:28,Basilica Menor ng Birhen ng Santo Rosario ng Manaoag,PH,Manaoag
pl-czestochowa-jasna-gora-monastery,Jasna Gora Monastery,"The Monastery of Jasna Gora in Czestochowa, Poland, is the third-largest Catholic pilgrimage site in the world.  Home to the beloved miraculous icon of Our Lady of Czestochowa, the monastery is also the national shrine of Poland and a pillar of Polish Catholicism.",50.8127516192911,19.0966517482729,https://maps.app.goo.gl/b5k2yduVx1u7CFnn7,0,global,JMM,3/27/2026 20:35,659520ff-d073-4538-a006-b16ec3e674d3,3/17/2026 0:28,Jasna Góra,PL,Czestochowa
pl-giertzwald-sanctuary-of-our-lady-of-gietrzwald,Sanctuary of Our Lady of Gietrzwald,"In 1877, Our Lady appeared to Justyna Szafrynska (13) just before receiving her First Holy Communion.  The next day, Barbara Samulowska (12) also saw the ""Bright Lady"" sitting on the throne with Infant Christ among angels.  The Blessed Mother's ask of the girls was for them to pray the rosary daily.",53.7480853,20.2356024,https://maps.app.goo.gl/7KMnov8z4H9dxZRt7,0,global,JMM,3/27/2026 20:35,659520ff-d073-4538-a006-b16ec3e674d3,3/17/2026 0:28,Sanktuarium Matki Bożej Gietrzwałdzkiej,PL,Giertzwald
pl-lezajsk-sanctuary-of-our-lady-of-consolation-monastery-of-the-bernardine-fathers-in-lezajsk,Sanctuary of Our Lady of Consolation (Monastery of the Bernardine Fathers in Lezajsk),"In 1578, a pious woodcutter named Tomasz Michalek saw a bright light in the forest.  The Virgin asked him to alert the authorities to build a church.  Thomas, scared, did nothing.  The Virgin appeared again, asking him to take action and ending his silence.  Thomas approached the authorities but was not believed.  Under a subsequent priest, a small chapel was built, then a larger shrine in 1606.  Today the shrine is part of a larger Bernardine monastery, and contains the image of Our Lady of Consolation.",50.2704677,22.4080316,https://maps.app.goo.gl/tWDrvLevDXb5QqGEA,0,global,JMM,3/27/2026 20:35,659520ff-d073-4538-a006-b16ec3e674d3,3/17/2026 0:28,Sanktuarium Matki Bożej Pocieszenia,PL,Lezajsk
pl-lichen-sanctuary-of-our-lady-of-lichen,Sanctuary of Our Lady of Lichen,"According to legend, the Virgin Mary appeared in Lichen, Poland to Tomasz Klossowski, a wounded soldier, in 1813 who was healed and discovered a miraculous portrait of Our Lady.  She then appeared to a poor shepherd, Mikolaj Sikatka, in 1850 who promoted her devotion.  She foretold of a cholera epidemic and interceded for the healing of many who sought her help.  Our Lady of Lichen is also known as Our Holy Mother of Sorrows, Queen of Poland.",52.323705849375,18.3584325570281,https://maps.app.goo.gl/gxVM9hVbKPynuuCC7,0,global,JMM,3/27/2026 20:35,659520ff-d073-4538-a006-b16ec3e674d3,3/17/2026 0:28,Sanktuarium Matki Bożej Licheńskiej,PL,Lichen
pl-ludzmierz-sanctuary-of-our-lady-queen-of-podhale,Sanctuary of Our Lady Queen of Podhale,"This church was originally founded in the 13th century by Cistercians from France.  According to legend, around the year 1400, a merchant lost in the nearby swamps was led to the church by a figure he discerned to be Mary.  Out of gratitude, he commissioned a statue which can be found in the church today.

A regular visitor to the shrine was Karol Wojtyla, the future Pope St. John Paul II.  In August 1963, in his capacity as Archbishop of Krakow, the statue slipped during a ceremony and the future pontiff caught the scepter which had fallen out of the statue's grasp.  This scene was interpreted by many as a prophecy of his upcoming papacy.",49.4651296551083,19.9828430570051,https://maps.app.goo.gl/V4RNcvBMpbFH4pDT7,0,global,JMM,3/27/2026 20:35,659520ff-d073-4538-a006-b16ec3e674d3,3/17/2026 0:28,Sanktuarium Maryjne w Ludźmierzu,PL,Ludzmierz
pl-swieta-lipka-swieta-lipka-sanctuary,Swieta Lipka Sanctuary,"In the 13th century, Our Blessed Mother appeared to a condemned innocent person in his prison cell. Bringing him a piece of wood and a knife, she told him to carve an image of the Blessed Mother with Child.  When he had done so, the jailers and judge were so moved they gave him back his freedom.  In gratitude for the divine assistance, the man sought to place the sculpture near a linden tree along the road, as Mary had suggested.  The present-day basilica was built next to this great linden tree, which was the site of many miracles and healings over the centuries.

With the Prussian occupation of Poland, the sanctuary was defiled and the linden tree cut down.  Upon Poland's independence, Jesuits were invited to renew the sanctuary, and it remains in beautiful condition to this day.",54.0246754900946,21.2177462726687,https://maps.app.goo.gl/FcZTyyUrc8EwF4cw5,0,global,JMM,3/27/2026 20:35,659520ff-d073-4538-a006-b16ec3e674d3,3/17/2026 0:28,Święta Lipka Bazylika,PL,Swieta Lipka
pt-fatima-sanctuary-of-our-lady-of-the-rosary-of-fatima,Sanctuary of Our Lady of the Rosary of Fatima,"While tending sheep in a field called the Cova de Iria, Lucia de Santos (aged 10) and her two cousins, Francisco and Jacinta Marto, reported six apparitions of Mary, who identified herself as ""Our Lady of the Rosary.""  Mary urged prayer of the rosary, penance for the conversion of sinners and consecration of Russia to her Immaculate Heart.",39.6312638,-8.6731571,https://maps.app.goo.gl/e7u1hgL8q6PwdhBf7,0,global,JMM,3/27/2026 20:35,659520ff-d073-4538-a006-b16ec3e674d3,3/17/2026 0:28,Basílica de Nossa Senhora do Rosário de Fátima,PT,Fatima
rs-doroslovo-church-of-mary-help-of-christians,"Church of Mary, Help of Christians","In 1792, the Virgin Mary appeared to a blind man, advising him to bathe his eyes in a miraculous fountain.  Upon his healing, a chapel was built and was eventually expanded to a larger church.",45.5929764710798,19.1905119128275,https://maps.app.goo.gl/r4sKVTNCa3utY1pR7,0,global,JMM,3/27/2026 20:35,659520ff-d073-4538-a006-b16ec3e674d3,3/17/2026 0:28,Црква Водице Марије Помоћнице Кршћана,RS,Doroslovo
rw-kibeho-shrine-of-our-lady-of-kibeho,Shrine of Our Lady of Kibeho,"Between 1981 and 1989, the Virgin Mary appeared to several girls in Rwanda.  She appeared to them with the name ""Nyina wa Jambo"" (""Mother of the Word""), synonymous with ""Umubyeyl W'iamna"" (""Mother of God"").  Mary emphasized the call to pray the rosary and asked for penance and fasting.  The three girls reported a vision foreshadowing the Rwandan Genocide which would occur just 13 years later, which would claim one of their lives.",-2.6496097,29.5532812,https://maps.app.goo.gl/NVFmDSec36QGBpuH7,0,global,JMM,3/27/2026 20:35,659520ff-d073-4538-a006-b16ec3e674d3,3/17/2026 0:28,Ingoro ya Bikiramariya Kibeho,RW,Kibeho
si-solkan-basilica-of-the-holy-mother-of-god-sveta-gora,Basilica of the Holy Mother of God (Sveta Gora),"In 1539, Our Blessed Mother appeared to a shepherdess on Mt. Skalnica, now called the Holy Mountain (Sveta Gora), and instructed her: ""Tell the people, let them build me a house here and ask me for mercy."" The shepherdess was imprisoned by the unbelieving secular authorities several times, but was always miraculously rescued.",45.9989430444559,13.6553373449013,https://maps.app.goo.gl/HbPjK1jEtPhBt1s6A,0,global,JMM,3/27/2026 20:35,659520ff-d073-4538-a006-b16ec3e674d3,3/17/2026 0:28,Bazilika Svetogorske Matere Božje,SI,Solkan
tr-ephesus-basilica-of-st-john,Basilica of St. John,"Completed in 565 AD, the basilica was built over the believed burial site of St. John the Apostle.  According to legend, St. John (as the Beloved Disciple) took the Virgin Mary to Ephesus in her final years, and her possible house overlooks the ancient city of Ephesus.

Today the ruins are part of the UNESCO World Heritage Site of Ephesus.",37.9524398007025,27.3679113460381,https://maps.app.goo.gl/VLJhMUgXKFBiKksH7,0,global,JMM,3/27/2026 20:35,659520ff-d073-4538-a006-b16ec3e674d3,3/17/2026 0:28,Aziz Yohannes Bazilikası,TR,Ephesus
tr-ephesus-church-of-mary,Church of Mary,"Built in the 5th centry, possibly for the First Council of Ephesus (the third ecumenical council of the early church).  The Second Council of Ephesus may also have been held here.",37.9446059640859,27.3391947153403,https://maps.app.goo.gl/hWctfcZ2ymyHs9Gi8,0,local,JMM,3/27/2026 20:35,659520ff-d073-4538-a006-b16ec3e674d3,3/17/2026 0:28,Meryem Kilisesi,TR,Ephesus
tr-ephesus-house-of-the-virgin-mary,House of the Virgin Mary,"This house was discovered in 1881 based on the descriptions of Bl. Anne Catherine Emmerich, a bedridden German nun who had never left her own country.  Among other visions of the lives of Jesus and the Virgin Mary, Bl. Emmerich described the land around the house where the Virgin Mary may have spent her final years before her Assumption into heaven.

The Catholic Church has not issued an opinion on the veracity of the house, but several popes have conveyed blessings and visited the site.",37.9115960027711,27.3341418397482,https://maps.app.goo.gl/fpS8iUHeFEXtNZs39,1,global,JMM,3/27/2026 20:35,659520ff-d073-4538-a006-b16ec3e674d3,3/17/2026 0:28,Meryem Ana Evi,TR,Ephesus
us-auriesville-shrine-of-our-lady-of-martyrs,Shrine of Our Lady of Martyrs,"Built on the site of the Mohawk village of Ossernenon, where Sts. Isaac Jogues, Rene Goupil, and Jean de Lalande were martyred, and where St. Kateri Tekakwitha was born.",42.9249911,-74.3022492,https://maps.app.goo.gl/bX5LNekc1KiDSnxL7,0,regional,JPY,3/27/2026 20:35,,3/17/2026 0:29,National Shrine of the North American Martyrs,US,Auriesville
us-carmel-by-the-sea-mission-san-carlos-borromeo-de-carmelo,Mission San Carlos Borromeo de Carmelo,"The 2nd of the 21 California missions, founded in 1770, and the site of St. Junipero Serra's death.  His remains are located southeast of the altar.",36.5425423059041,-121.919856929485,https://maps.app.goo.gl/dSvAFFVQ2nJhtebj7,0,regional,JMM,3/27/2026 20:35,659520ff-d073-4538-a006-b16ec3e674d3,3/17/2026 0:28,,US,Carmel-by-the-Sea
us-dallas-blessed-sacrament-catholic-church,Blessed Sacrament Catholic Church,"Second oldest parish in the city of Dallas, but established when Oak Cliff was a separate city.",32.751,-96.8159986,https://maps.app.goo.gl/PF7i5c96mUUsAufS9,0,personal,JPY,3/27/2026 20:35,,3/17/2026 0:29,,US,Dallas
us-dallas-holy-trinity-catholic-church,Holy Trinity Catholic Church,"Founded and staffed by the Vincentians, who also staffed Trinity College/Dallas University across the street.",32.8145708,-96.8028428,https://maps.app.goo.gl/zsTW5D5hzh4XvuNg7,0,personal,JPY,3/27/2026 20:35,,3/17/2026 0:29,,US,Dallas
us-dallas-national-shrine-cathedral-of-our-lady-of-guadalupe,National Shrine Cathedral of Our Lady of Guadalupe,"Originally dedicated to the Sacred Heart, this parish is the oldest in the city of Dallas.  The parish merged with Our Lady of Guadalupe in the Little Mexico neighborhood (now Harwood) in 1965, and in 1977 the Cathedral was renamed in honor of Our Lady of Guadalupe.

In 2023 the cathedral was elevated to a National Shrine by the US Conference fo Catholic Bishops.",32.7885152,-96.7977807,https://maps.app.goo.gl/zrxePhCC9MEjgqH5A,0,personal,JPY,3/27/2026 20:35,,3/17/2026 0:29,,US,Dallas
us-dallas-old-our-lady-of-guadalupe-catholic-church,Old Our Lady of Guadalupe Catholic Church,"Established in 1914 in response to the flood of Mexican refugees fleeing the anti-Catholic dictatorship in Mexico, this parish was merged with the cathedral in 1965.  This gentrified neighborhood was once Little Mexico.  All that remains on the site is an image of Our Lady of Gudalaupe.

The church was first served by Vincentians, who staffed Holy Trinity, then by the Carmelites.

St. Ann's school was located next to the church, and the building still stands today, containing a restaurant and a Japanese samaurai collection.",32.792159,-96.8064572,https://maps.app.goo.gl/4eThLkHKQQNB5r1Y9,0,personal,JPY,3/27/2026 20:35,,3/17/2026 0:29,,US,Dallas
us-dallas-old-st-joseph-catholic-church,Old St. Joseph Catholic Church,"The school was founded in 1905 and the present church, the 5th church in Dallas and the 3rd oldest extant one, was built in 1910.  The original 1905 temporary church, later used as a parish hall, stood on the corner of Texas and Floyd and was extant in 2009, though it now appears to be gone.  The church was built by the Oblate fathers for the German population.

From 1977 to 2007, the buildings were used for St. Andrew Kim Korean parish, until that congregation moved to Farmers Branch.

This church is currently not in the possession of the Diocese of Dallas.",32.7876037,-96.7870118,https://maps.app.goo.gl/bn3Ji1zvXryxf4nV7,0,personal,JPY,3/27/2026 20:35,,3/17/2026 0:29,,US,Dallas
us-dallas-old-st-patrick-catholic-church,Old St. Patrick Catholic Church,"Part of the deal when the first parish in Dallas was named Sacred Heart was that the second church would be named in honor of St. Patrick.  This parish (which became the third oldest in the Dallas city limits once Oak Cliff was annexed) was located across from City Park.  The church was flattened by I-30, and where it once stood is now squarely in the middle of the Canyon.",32.775131,-96.787789,https://maps.app.goo.gl/qhY6Q9Gz8qK7juLh8,0,personal,JPY,3/27/2026 20:35,,3/17/2026 0:29,,US,Dallas
us-dallas-old-st-paul-sanitarium,Old St. Paul Sanitarium,"Original site of St. Paul Sanitarium.  The hospital moved to its present location on Harry Hines Blvd in the 1960's, and the original building was razed.  The Daughters of Charity continued administration of the hospital until it was sold around the year 2000.  Today it is part of UT Southwestern.",32.7942111,-96.7889278,https://maps.app.goo.gl/JcF4uC4Zkq1yn5fC7,0,personal,JPY,3/27/2026 20:35,,3/17/2026 0:29,,US,Dallas
us-dallas-old-trinity-college-dallas-university-jesuit-dallas,"Old Trinity College, Dallas University, Jesuit Dallas","Original site of Holy Trinity College, the Vincentian college.  The school was later renamed to Dallas University/University of Dallas.  The school closed in 1929 and its charter was reused for the current University of Dlalas.

The building later housed Jesuit Prepatory School until it moved next to St. Rita and this building was sadly razed.",32.814343,-96.8018151,https://maps.app.goo.gl/DRZU2PuSJEuk94zbA,0,personal,JPY,3/27/2026 20:35,,3/17/2026 0:29,,US,Dallas
us-dallas-old-ursuline-academy,Old Ursuline Academy,Original site of Ursuline Academy and the Ursuline Convent.  It is unclear why this building was demolished.,32.795627,-96.782279,https://maps.app.goo.gl/M9M7FYxFqHtszZWR7,0,personal,JPY,3/27/2026 20:35,,3/17/2026 0:29,,US,Dallas
us-dallas-st-edward-the-confessor-catholic-church,St. Edward the Confessor Catholic Church,"Founded by the Rt. Rev. Edward Joseph Dunne, bishop of Dallas, on Oct. 13, 1903, as the fourth parish in Dallas (Oak Cliff had just been annexed, so Blessed Sacrament was now in the Dallas city limits).  The name of the parish and the name of the bishop are not coincidence.

The founding pastor was the Rev. Joseph P. Lynch, who had been a priest for just 3 years.  Within a few years he would become bishop of Dallas.",32.788721,-96.7726526,https://maps.app.goo.gl/LCohKcxVE9YbJamp9,0,personal,JPY,3/27/2026 20:35,,3/17/2026 0:29,,US,Dallas
us-dallas-st-peter-catholic-church,St. Peter Catholic Church,"The first black parish in Dallas, founded in 1905, is now home to the area's Polish community.",32.7950372,-96.7950317,https://maps.app.goo.gl/Ps1edC2QjwSEJLDV7,0,personal,JPY,3/27/2026 20:35,,3/17/2026 0:29,,US,Dallas
us-emmitsburg-mount-st-marys-seminary,Mount St. Mary's Seminary,"Bl. Stanley Rother completed his studies at Mount St. Mary's Seminary and was ordained a priest on May 25, 1963.",39.6799879929785,-77.3549241077855,https://maps.app.goo.gl/ZU179uXF8BxiC1w6A,0,local,JPY,3/27/2026 20:35,,3/17/2026 0:29,,US,Emmitsburg
us-fremont-mission-san-jose,Mission San Jose,"The 14th of the 21 California missions, founded in 1797.",37.5334036374493,-121.919695300919,https://maps.app.goo.gl/nQZwkbWpaygnudJG9,0,local,JMM,3/27/2026 20:35,659520ff-d073-4538-a006-b16ec3e674d3,3/17/2026 0:28,,US,Fremont
us-hulbert-our-lady-of-clear-creek-abbey,Our Lady of Clear Creek Abbey,"Benedictine abbey in the Solesmes Congregation, founded in 1999.  The main church and abbey are still under construction.  Men visiting the abbey can join the monks for meals and manual work in addition to Mass and the Divine Office.  Women can also make retreats at the house on the abbey grounds.",36.0340226020418,-95.1958272067643,https://maps.app.goo.gl/XjTrbtPBPhyckc7V7,0,regional,JPY,3/27/2026 20:35,,3/17/2026 0:29,,US,Hulbert
us-lackawanna-our-lady-of-victory-national-shrine-and-basilica,Our Lady of Victory National Shrine and Basilica,"Basilica dedicated to Our Lady of Victory, built by Venerable Nelson Baker.  His body is kept in the basilica, within the grotto shrine to Our Lady of Lourdes.  The grotto is made out of lava rock from Mount Vesuvius.",42.8255951721089,-78.8236059560191,https://maps.app.goo.gl/RidJAxDH4HrzKB1cA,0,regional,JPY,3/27/2026 20:35,,3/17/2026 0:29,,US,Lackawanna
us-lompoc-mission-la-purisima-concepcion,Mission La Purisima Concepcion,"The 11th of the 21 California missions, founded in 1787.  The mission is no longer an active church, but part of a state park which seeks to accurately replicate mission life.",34.6697435013219,-120.420619002672,https://maps.app.goo.gl/GYsZmXdzTvvwHfDR7,0,local,JMM,3/27/2026 20:35,659520ff-d073-4538-a006-b16ec3e674d3,3/17/2026 0:28,,US,Lompoc
us-los-angeles-mission-san-fernando-rey-de-espana,Mission San Fernando Rey de Espana,"The 17th of the 21 California missions, founded in 1797.",34.2728717819309,-118.461632373847,https://maps.app.goo.gl/ZzE2QhTnk2Be5WVD7,0,local,JMM,3/27/2026 20:35,659520ff-d073-4538-a006-b16ec3e674d3,3/17/2026 0:28,,US,Los Angeles
us-monterey-county-mission-san-antonio-de-padua,Mission San Antonio de Padua,"The 3rd of the 21 California missions, founded in 1771.",36.0153800162529,-121.250314673798,https://maps.app.goo.gl/sCyecLWsfowqFvCU9,0,local,JMM,3/27/2026 20:35,659520ff-d073-4538-a006-b16ec3e674d3,3/17/2026 0:28,,US,Monterey County
us-oceanside-mission-san-luis-rey-de-francia,Mission San Luis Rey de Francia,"The 18th of the 21 California missions, founded in 1798.  It is attached to the Franciscan community of the same name.",33.2321695508642,-117.319756402711,https://maps.app.goo.gl/ciqBWfoqZnrEcPc78,0,local,JMM,3/27/2026 20:35,659520ff-d073-4538-a006-b16ec3e674d3,3/17/2026 0:29,,US,Oceanside
us-okarche-holy-trinity-catholic-church-okarche-ok,"Holy Trinity Catholic Church, Okarche, OK","Bl. Stanley Rother was a parishioner at Holy Trinity Catholic Church, where he received his sacraments and studied at Holy Trinity Catholic School.",35.7284903,-97.975802,https://maps.app.goo.gl/35BZ67c8HMbeK29C9,0,local,JMM,3/27/2026 20:35,659520ff-d073-4538-a006-b16ec3e674d3,3/17/2026 0:29,,US,Okarche
us-oklahoma-city-blessed-stanley-rother-shrine,Blessed Stanley Rother Shrine,"The shrine was dedicated on February 17, 2023 with the Most Rev. Paul S. Coakley, Archbishop of Oklahoma City presiding. The service was attended by 37 bishops, 147 priests, and hundreds of other religious and pilgrims.",35.3758,-97.4975,https://maps.app.goo.gl/232dvtuSiFs88auZ8,0,local,JMM,3/27/2026 20:35,659520ff-d073-4538-a006-b16ec3e674d3,3/17/2026 0:29,,US,Oklahoma City
us-pine-bluff-st-mary-catholic-church,St. Mary Catholic Church,"Oldest Catholic church in Arkansas, originally built on a barge in the Arkansas River in 1782 to combat the threat of flooding by the river.  The cemetery behind the church is the final resting place for Mother Agnes Hart, a nun whose body was later found to be incorrupt.",34.3246561,-91.9426947,https://maps.app.goo.gl/XLh3bppeSczpyvmK8,0,regional,JPY,3/27/2026 20:35,,3/17/2026 0:28,,US,Pine Bluff
us-san-antonio-assumption-seminary,Assumption Seminary,Bl. Stanley Rother was accepted as a seminarian and began his studies at Assumption Seminary.,29.454204,-98.54519,https://maps.app.goo.gl/XnHQq9Gpuzg56MHG7,0,local,JMM,3/27/2026 20:35,659520ff-d073-4538-a006-b16ec3e674d3,3/17/2026 0:29,,US,San Antonio
us-san-diego-mission-san-diego-de-alcala,Mission San Diego de Alcala,"The 1st of the 21 California missions, founded in 1769.",32.7844544140364,-117.106379960395,https://maps.app.goo.gl/6orTKh88FWS2Vsv38,0,local,JMM,3/27/2026 20:35,659520ff-d073-4538-a006-b16ec3e674d3,3/17/2026 0:28,,US,San Diego
us-san-francisco-mission-san-francisco-de-asis-mission-dolores,Mission San Francisco de Asis (Mission Dolores),"The 6th of the 21 California missions, founded in 1776.",37.7643787904628,-122.426918360256,https://maps.app.goo.gl/ern1c5g5kTKgDUMe6,0,local,JMM,3/27/2026 20:35,659520ff-d073-4538-a006-b16ec3e674d3,3/17/2026 0:28,,US,San Francisco
us-san-gabriel-mission-san-gabriel-arcangel,Mission San Gabriel Arcangel,"The 4th of the 21 California missions, founded in 1771.",34.0966596731449,-118.106841102688,https://maps.app.goo.gl/gPzFRaZGrTeRGud59,0,local,JMM,3/27/2026 20:35,659520ff-d073-4538-a006-b16ec3e674d3,3/17/2026 0:28,,US,San Gabriel
us-san-juan-bautista-mission-san-juan-bautista,Mission San Juan Bautista,"The 15th of the 21 California missions, founded in 1797.",36.8458910149476,-121.535752689119,https://maps.app.goo.gl/QkQ2Nocp9bQbHbGa8,0,local,JMM,3/27/2026 20:35,659520ff-d073-4538-a006-b16ec3e674d3,3/17/2026 0:28,,US,San Juan Bautista
us-san-juan-capistrano-mission-san-juan-capistrano,Mission San Juan Capistrano,"The 7th of the 21 California missions, founded in 1776.",33.5020282662047,-117.662690902704,https://maps.app.goo.gl/W2tCx2FEtZPKiYMz9,0,local,JMM,3/27/2026 20:35,659520ff-d073-4538-a006-b16ec3e674d3,3/17/2026 0:28,,US,San Juan Capistrano
us-san-luis-obispo-mission-san-luis-obispo-de-tolosa,Mission San Luis Obispo de Tolosa,"The 5th of the 21 California missions, founded in 1772.",35.2809991057781,-120.664704058475,https://maps.app.goo.gl/YCmArrDTd6GrfP347,0,local,JMM,3/27/2026 20:35,659520ff-d073-4538-a006-b16ec3e674d3,3/17/2026 0:28,,US,San Luis Obispo
us-san-miguel-mission-san-miguel-arcangel,Mission San Miguel Arcangel,"The 16th of the 21 California missions, founded in 1797.",35.7449345413861,-120.69716204497,https://maps.app.goo.gl/5Li9NFGj8nVxzjSQ9,0,local,JMM,3/27/2026 20:35,659520ff-d073-4538-a006-b16ec3e674d3,3/17/2026 0:28,,US,San Miguel
us-san-rafael-mission-san-rafael-arcangel,Mission San Rafael Arcangel,"The 20th of the 21 California missions, founded in 1817.",37.974237142319,-122.527974573741,https://maps.app.goo.gl/BGxHPWo5R5ZGxwqm9,0,local,JMM,3/27/2026 20:35,659520ff-d073-4538-a006-b16ec3e674d3,3/17/2026 0:29,,US,San Rafael
us-santa-barbara-mission-santa-barbara,Mission Santa Barbara,"The 10th of the 21 California missions, founded in 1786.",34.4382907792083,-119.714078531515,https://maps.app.goo.gl/vF4nVPGx6nLbCqNE6,0,local,JMM,3/27/2026 20:35,659520ff-d073-4538-a006-b16ec3e674d3,3/17/2026 0:28,,US,Santa Barbara
us-santa-clara-mission-santa-clara-de-asis,Mission Santa Clara de Asis,"The 8th of the 21 California missions, founded in 1777.",37.3491892853456,-121.941511544924,https://maps.app.goo.gl/SwLETTtMiP5E41n46,0,local,JMM,3/27/2026 20:35,659520ff-d073-4538-a006-b16ec3e674d3,3/17/2026 0:28,,US,Santa Clara
us-santa-cruz-mission-santa-cruz,Mission Santa Cruz,"The 12th of the 21 California missions, founded in 1791.",36.9781412595296,-122.029494075624,https://maps.app.goo.gl/Kc7ZYah3qJiL6B6v6,0,local,JMM,3/27/2026 20:35,659520ff-d073-4538-a006-b16ec3e674d3,3/17/2026 0:28,,US,Santa Cruz
us-santa-fe-county-sanctuary-of-chimayo,Sanctuary of Chimayo,"A miraculous crucifix appearing in a field resulted in the construction of a chapel on this spot.  The hole where the crucifix appeared is said to contain dirt that has healing properties similar to the water at Lourdes.  Hundreds of thousands of pilgrims visit the shrine annually, which, according to Catholic World Report, makes it the most popular pilgrimage site in the United States.",35.989201,-105.9318022,https://maps.app.goo.gl/E1aWKnozGn5Tpkq97,0,regional,JPY,3/27/2026 20:35,,3/17/2026 0:29,Santuario Chimayo,US,Santa Fe County
us-santa-fe-loretto-chapel,Loretto Chapel,"According to tradition, when the architect failed to provide a way to get to the new choir loft, the architecturally-impressive spiral staircase was built by St. Joseph himself.",35.6856315,-105.9376593,https://maps.app.goo.gl/n2bzqrZJDPWXTjN39,0,regional,JPY,3/27/2026 20:35,,3/17/2026 0:29,,US,Santa Fe
us-soledad-mission-nuestra-senora-de-la-soledad-mission-soledad,Mission Nuestra Senora de la Soledad (Mission Soledad),"The 13th of the 21 California missions, founded in 1791.",36.4048390825981,-121.355761573787,https://maps.app.goo.gl/Xqn2vfUBqzH9CQ6BA,0,local,JMM,3/27/2026 20:35,659520ff-d073-4538-a006-b16ec3e674d3,3/17/2026 0:28,,US,Soledad
us-solvang-mission-santa-ines,Mission Santa Ines,"The 19th of the 21 California missions, founded in 1804.  In 1924 the Capucin Friars were given responsibility of this mission.",34.5947305774003,-120.136405258494,https://maps.app.goo.gl/5GmotuSL113AEJoY6,0,local,JMM,3/27/2026 20:35,659520ff-d073-4538-a006-b16ec3e674d3,3/17/2026 0:29,,US,Solvang
us-sonoma-mission-san-francisco-solano,Mission San Francisco Solano,"The 21st of the 21 California missions, founded in 1823.  The mission only remained so for 11 years before being secularized.  The Bear Flag Revolt of June 14, 1816 occurred directly across from the mission, declaring California a republic.  Today the mission is part of a public park.",38.2936930309277,-122.455888502567,https://maps.app.goo.gl/2s6R92MbthaAjkdo8,0,local,JMM,3/27/2026 20:35,659520ff-d073-4538-a006-b16ec3e674d3,3/17/2026 0:29,,US,Sonoma
us-stevenson-don-brown-rosary-collection,Don Brown Rosary Collection,"The world's largest rosary collection is housed in the Columbia Gorge Interpretive Center Museum, collected over decades by a Catholic convert.",45.6854710141072,-121.899194869222,https://maps.app.goo.gl/U4VgjkBsiwLWADMt5,0,personal,JPY,3/27/2026 20:35,,3/17/2026 0:29,,US,Stevenson
us-ventura-mission-san-buenaventura,Mission San Buenaventura,"The 9th of the 21 California missions, founded in 1782.",34.281052108005,-119.298020331519,https://maps.app.goo.gl/h6U1Skm6Y52WtW8j6,0,local,JMM,3/27/2026 20:35,659520ff-d073-4538-a006-b16ec3e674d3,3/17/2026 0:28,,US,Ventura
va-vatican-city-st-peters-basilica,St. Peter's Basilica,"Possibly the most famous church in the world, and one of the four papal basilicas, the current building was built between 1506 and 1626, replacing the original from the time of Constantine in the 4th century.

St. Peter's tomb lies beneath the high altar of the basilica, and the church continues to be a place of interment for popes, cardinals and bishops.",41.9021187880293,12.4539366999999,https://maps.app.goo.gl/PK3UFw2JVFz8knAf8,0,global,JMM,3/27/2026 20:35,659520ff-d073-4538-a006-b16ec3e674d3,3/17/2026 0:29,Basilica Sancti Petri,VA,Vatican City
vn-hai-lang-basilica-of-our-lady-of-la-vang,Basilica of Our Lady of La Vang,"In 1798, many Christians took refuge in the Vietnamese jungle and prepared themselves for martyrdom.  At night, they often gathered in small groups to pray the rosary.  Unexpectedly, one night they were visited by an apparition of Our Blessed Mother in a long cape, holding a child in her arms, with two angels at her sides.  She comforted them and told them to boil the leaves from the surrounding trees to use as medicine.  She also told them that from that day on, all those who came to this place to pray, would have their prayers heard and answered.  All those who were present witnessed this miracle.",16.7054910999221,107.196010823597,https://maps.app.goo.gl/Mfba8uoNH897FUfV7,0,global,JMM,3/27/2026 20:35,659520ff-d073-4538-a006-b16ec3e674d3,3/17/2026 0:29,Đền Thánh Đức Mẹ La Vang: Trung tâm Hành hương Quốc gia,VN,Hai Lang
vn-kien-khe-basilica-of-the-immaculate-conception-so-kien-basilica,Basilica of the Immaculate Conception (So Kien Basilica),"This Basilica is a shrine in rememberance of the Vietnamese Martyrs, St. Andrew Dung-Lac and Companions killed during the persecution of the Christians in Vietnam in the 18th and 19th century.",20.4247269,106.1588304,https://maps.app.goo.gl/YDh98dACbEXW9XhGA,0,regional,NDS,3/27/2026 20:35,,3/17/2026 0:29,Vương cung Thánh đường Sở Kiện,VN,Kien Khe
